threshold,n_selected,n_actives_selected,precision,recall,coverage,enrichment_vs_base
0.0,224,51,0.22767857142857142,0.3722627737226277,0.03519245875883739,10.577913190823775
-0.5,1002,118,0.11776447105788423,0.8613138686131386,0.15742340926944226,5.471320133455716
-1.0,2514,134,0.053301511535401754,0.9781021897810219,0.39497250589159466,2.4763804446922055
-1.5,4219,137,0.032472149798530456,1.0,0.6628436763550668,1.5086513391799004
-2.0,5382,137,0.02545522110739502,1.0,0.8455616653574234,1.1826458565589
